,Year,autocorrelation
0,2008,0.0
1,2009,0.0
2,2010,3.6258716136217117e-06
3,2011,1.3145909179002047e-06
4,2012,-5.113543011248112e-07
