,Year,autocorrelation
0,2008,0.0
1,2009,1.0646181181073189e-06
2,2010,-7.246853783726692e-07
3,2011,1.7483544070273638e-06
4,2012,1.982087269425392e-06
