,Year,autocorrelation
0,2008,0.0
1,2009,0.0
2,2010,0.0
3,2011,-1.6246631275862455e-06
4,2012,-2.146582119166851e-06
