,Year,autocorrelation
0,2008,0.0
1,2009,1.1888332664966583e-06
2,2010,4.849862307310104e-07
3,2011,-1.0337680578231812e-07
4,2012,9.743962436914444e-08
