,Year,autocorrelation
0,2008,0.0
1,2009,0.0
2,2010,5.637994036078453e-07
3,2011,-1.387670636177063e-07
4,2012,6.270420271903276e-08
