,Year,autocorrelation
0,2008,0.0
1,2009,0.0
2,2010,0.0
3,2011,1.9725666788872331e-07
4,2012,-6.263144314289093e-08
