,Year,autocorrelation
0,2009,0.0
1,2010,-2584420.816940669
2,2011,278601.85834702477
3,2012,2720887.803208356
