,Year,autocorrelation
0,2008,0.0
1,2009,8.531133062206209e-06
2,2010,-2.5687797460705042e-05
3,2011,-6.92678804625757e-06
4,2012,2.1294499674695544e-05
