,Year,autocorrelation
0,2008,0.0
1,2009,0.0
2,2010,3.599928459152579e-05
3,2011,-6.767702871002257e-06
4,2012,3.437116902205162e-07
