,Year,autocorrelation
0,2009,0.0
1,2010,-2.860513632185757e-05
2,2011,-6.687859786325134e-05
3,2012,8.321021596202627e-07
