,Year,autocorrelation
0,2008,0.0
1,2009,0.0
2,2010,0.0
3,2011,1.1752010323107243e-05
4,2012,4.9199137720279396e-05
